SurveyName,SurveyId,DHS_CountryCode,SurveyYear,SurveyType,SurveyStatus,CountryName,SurveyYearLabel,young_child_wt.nationalcount,had_fever_wt.nationalcount,public_treat_wt.nationalcount,any_treat_wt.nationalcount,had_fever_wt.nationalprop,fever_public_treat_wt.nationalprop,fever_any_treat_wt.nationalprop,fever_public_treat_wt.nationalprop_LCI_GLM,fever_public_treat_wt.nationalprop_UCI_GLM,fever_any_treat_wt.nationalprop_LCI_GLM,fever_any_treat_wt.nationalprop_UCI_GLM,fever_public_treat_wt.nationalprop_LCI_SVY,fever_public_treat_wt.nationalprop_UCI_SVY,fever_any_treat_wt.nationalprop_LCI_SVY,fever_any_treat_wt.nationalprop_UCI_SVY,fever_any_treat_wt_clusterstderr,fever_public_treat_wt_clusterstderr,fever_any_treat_wt_clusterstdev,fever_public_treat_wt_clusterstdev,fever_any_treat_wt_clustermean,fever_public_treat_wt_clustermean
MD2011MIS,396,MD,2011,MIS,Completed,Madagascar,2011,6377.47610799992,937.559455000002,224.47296,338.162014,0.14701104937483425,0.2394226401353923,0.3606832742143263,0.21311810747417556,0.26711751423891705,0.3306763396802173,0.39143357052809125,0.20409186695600415,0.2747534133147814,0.3209729647843832,0.4003935836442709,0.020242234105056763,0.019156701023802975,0.33076083065799594,0.3130230739559064,0.3887039198836952,0.26113110776032117
TZ2015DHS,485,TZ,2015,DHS,Completed,Tanzania,2015-16,9520.49168999996,1706.05731,234.60961,1366.450601,0.1791984453693701,0.1375156676301806,0.8009406208048193,0.12153961496290959,0.1546044119258644,0.7813133993744155,0.819644046042937,0.11747830707239929,0.15755302818796194,0.778026268402159,0.8238549732074796,0.016564945368943384,0.011344138435413343,0.40845272476292277,0.2797198632915223,0.66070160113794,0.14232529139891759
