SurveyType,Country,Country_DHScode,Country_ISO3Code,WHO,WHO_Sub,Year,Check,ID,SurveyName,DHSSurveyNum,TotalChildren,TotalFevers,TotalHMISTreat,TotalAnyTreat,FeverProp,HMIS_treat,sdHMIS_clusters,meanHMIS_clusters,seHMIS_clusters,HMIS_treat_low_GLM,HMIS_treat_high_GLM,HMIS_treat_low_SVY,HMIS_treat_high_SVY,Any_treat,sdAny_clusters,meanAny_clusters,seAny_clusters,Any_treat_low_GLM,Any_treat_high_GLM,Any_treat_low_SVY,Any_treat_high_SVY,Electricity,Electricity_IndicatorYearUsed,GDP,GDP_IndicatorYearUsed,GDPGrowth,GDPGrowth_IndicatorYearUsed,GDPpercap,GDPpercap_IndicatorYearUsed,GNIpercap,GNIpercap_IndicatorYearUsed,HealthExpercap,HealthExpercap_IndicatorYearUsed,HealthExPub,HealthExPub_IndicatorYearUsed,HealthExTotal,HealthExTotal_IndicatorYearUsed,Literacy,Literacy_IndicatorYearUsed,PregWomenCare,PregWomenCare_IndicatorYearUsed,PrimaryComplete,PrimaryComplete_IndicatorYearUsed,RuralPop,RuralPop_IndicatorYearUsed,UrbanPop,UrbanPop_IndicatorYearUsed,CommHlthWrkrs,CommHlthWrkrs_IndicatorYearUsed,DPT,DPT_IndicatorYearUsed,NurseMidwives,NurseMidwives_IndicatorYearUsed
MIS,Madagascar,MD,MDG,AFRO,AFRO-E,2011,MDG_AFRO-E_2011,DHS_1,MD2011MIS,396,6377.47610799992,937.559455000002,224.47296,338.162014,0.14701104937483425,0.2394226401353923,0.3130230739559064,0.26113110776032117,0.019156701023802975,0.21311810747417556,0.26711751423891705,0.20409186695600415,0.2747534133147814,0.3606832742143263,0.33076083065799594,0.3887039198836952,0.020242234105056763,0.3306763396802173,0.39143357052809125,0.3209729647843832,0.4003935836442709,14.3,2011,9892702357.56691,2011,1.45439216770913,2011,454.963463976433,2011,420,2011,19.32827421,2011,57.50956953,2011,4.2355947,2011,64.4809112548828,2009,82.1,2013,71.0057907104492,2011,67.438,2011,32.562,2011,0.022,2004,73,2011,0.316,2004
DHS,Tanzania,TZ,TZA,AFRO,AFRO-E,2015,TZA_AFRO-E_2015,DHS_2,TZ2015DHS,485,9520.49168999996,1706.05731,234.60961,1366.450601,0.1791984453693701,0.1375156676301806,0.2797198632915223,0.14232529139891759,0.011344138435413343,0.12153961496290959,0.1546044119258644,0.11747830707239929,0.15755302818796194,0.8009406208048193,0.40845272476292277,0.66070160113794,0.016564945368943384,0.7813133993744155,0.819644046042937,0.778026268402159,0.8238549732074796,15.5014495849609,2014,45628247290.4618,2015,6.95937442186003,2015,872.294093320544,2015,910,2015,51.71747631,2014,46.41406654,2014,5.58011591,2014,80.3594970703125,2015,98,2016,73.6658401489258,2013,68.392,2015,31.608,2015,,,98,2015,0.436,2012
